{
  "1h": {
    "XGBoost": {
      "MAE": 445.3040537139058,
      "RMSE": 601.5541471182322,
      "R2": 0.9248359310077219,
      "MAPE": 2.35920035303786
    },
    "Naive": {
      "MAE": 560.7407211936999,
      "RMSE": 741.7377726145987,
      "R2": 0.8857222650661254,
      "MAPE": 2.999304727252569
    }
  },
  "6h": {
    "XGBoost": {
      "MAE": 692.5772896908686,
      "RMSE": 952.2860932465325,
      "R2": 0.8115890801321554,
      "MAPE": 3.6711908339232013
    },
    "Naive": {
      "MAE": 2123.641053067993,
      "RMSE": 2506.9876717839807,
      "R2": -0.3057967466396838,
      "MAPE": 11.635529696629751
    }
  },
  "24h": {
    "XGBoost": {
      "MAE": 718.2305383709371,
      "RMSE": 1039.4534446464763,
      "R2": 0.7756628717191281,
      "MAPE": 3.788128842526315
    },
    "Naive": {
      "MAE": 644.5115684647303,
      "RMSE": 951.5176733343169,
      "R2": 0.8120143107576294,
      "MAPE": 3.4260027144213536
    }
  }
}