Statistic,Value
Mean Error,125.97597272336772
Std Error,516.5818400169912
Maximum Error,3198.3019999999997
Minimum Error,-5827.891
