Statistic,Value
Mean Error,6.5846272873711325
Std Error,62.3454106425231
Maximum Error,350.2306000000003
Minimum Error,-462.76199999999994
