Statistic,Value
Mean Error,133.08569845360825
Std Error,1265.850020944989
Maximum Error,7409.220000000001
Minimum Error,-7850.474000000002
