Statistic,Value
Mean Error,504.28567976804123
Std Error,1139.5144016627594
Maximum Error,6128.949999999997
Minimum Error,-6791.110000000001
