Statistic,Value
Mean Error,169.53376589347076
Std Error,1068.8247320683975
Maximum Error,5810.417000000001
Minimum Error,-4717.223999999995
